,Side,winrate
0,Radiant,0.5119305856832971
1,Dire,0.4880694143167029
